Recipe Title,Recipe URL,Ingredients
Chicken meatball for nabe (japanese hot pot),https://cookpad.com/eng/recipes/25431062,"Ingredients 20 minutes 1 lb ground chicken about 2in slice of renkon , minced 2 green onions , minced knob ginger, minced 2 garlic cloves , minced 1 egg salt and pepper 1 tsp layu 1 lb ground chicken about 2in slice of renkon , minced 2 green onions , minced knob ginger, minced 2 garlic cloves , minced 1 egg salt and pepper 1 tsp layu"
Perfect Shokupan - White and Fuffy (japanese) milk bread - Believe me WOWWWWWWEEEE,https://cookpad.com/eng/recipes/25325786,Ingredients ok 1 day and 30 mins hands on 2 Larege Rolls For The Yudane 50 gr Bread flour 40 ml boiling water above (90°C) For the Bread 150 ml Full Fat milk - Slightly Warmed (Above room temp) in Microwave 15 gr sugar 1 Tsp dry instant yeast 10 gr unsalted butter (room temp - MUST UNSALTED) 200 gr Strong Bread flour 2 gr salt For The Yudane 50 gr Bread flour 40 ml boiling water above (90°C) For the Bread 150 ml Full Fat milk - Slightly Warmed (Above room temp) in Microwave 15 gr sugar 1 Tsp dry instant yeast 10 gr unsalted butter (room temp - MUST UNSALTED) 200 gr Strong Bread flour 2 gr salt
Spicy Chicken Japanese Curry,https://cookpad.com/eng/recipes/25284017,Ingredients 2 hours 14 servings 500 g minced chicken (half thighs half breast ) 500 g carrot 500 g yellow onion 50 g butter 50 g vegetables oil 300 ml chicken stock 1250 ml water 50 ml white wine 1 tbsp kosher salt (±10g) 2 tsp fresh white / black pepper (±5g) 2 tbsp garlic powder (±20g) 1 tsp chili powder (±3g) 2 tbsp beef powder (±20g) 1/2 tbsp dranulated sugar (±7g) 13 Golden Curry cube 500 g minced chicken (half thighs half breast ) 500 g carrot 500 g yellow onion 50 g butter 50 g vegetables oil 300 ml chicken stock 1250 ml water 50 ml white wine 1 tbsp kosher salt (±10g) 2 tsp fresh white / black pepper (±5g) 2 tbsp garlic powder (±20g) 1 tsp chili powder (±3g) 2 tbsp beef powder (±20g) 1/2 tbsp dranulated sugar (±7g) 13 Golden Curry cube
Steamed Japanese Sweet Potato w/ Instant Pot,https://cookpad.com/eng/recipes/25210496,Ingredients 40 min 3–4 people 2 –4 Japanese sweet potatoes 2 –4 Japanese sweet potatoes
Japanese Hambagu with Herb Mashed Potatoes and 2x fried Crispy Fries,https://cookpad.com/eng/recipes/25214022,"Ingredients 1 hour 2 servings 20 g Butter (for mashed potatoes) as needed Oil for frying 1 tsp Dried parsley 10 g Butter (for fries ) 1/2 tsp Garlic powder 2 tbsp All-purpose flour 2 tbsp Cornstarch 200 g Frozen French fries 1 tsp Fresh or dried herbs (for mashed potatoes) 50 ml Milk 2 medium (about 300g) Potatoes 300 g Ground beef 1 tbsp Worcestershire sauce (for sauce) 2 tbsp Ketchup (for sauce) 2 tbsp Soy sauce (for sauce) 1/4 tsp Pepper 1/2 tsp Salt 1 tsp Mixed herbs (e.g. parsley , thyme ) 1 tbsp Worcestershire sauce 1 Egg 1/2 onion (about 60g) Caramelized onion 30 g Breadcrumbs 20 g Butter (for mashed potatoes) as needed Oil for frying 1 tsp Dried parsley 10 g Butter (for fries ) 1/2 tsp Garlic powder 2 tbsp All-purpose flour 2 tbsp Cornstarch 200 g Frozen French fries 1 tsp Fresh or dried herbs (for mashed potatoes) 50 ml Milk 2 medium (about 300g) Potatoes 300 g Ground beef 1 tbsp Worcestershire sauce (for sauce) 2 tbsp Ketchup (for sauce) 2 tbsp Soy sauce (for sauce) 1/4 tsp Pepper 1/2 tsp Salt 1 tsp Mixed herbs (e.g. parsley , thyme ) 1 tbsp Worcestershire sauce 1 Egg 1/2 onion (about 60g) Caramelized onion 30 g Breadcrumbs"
Tsukune (japanese chicken meatballs),https://cookpad.com/eng/recipes/25155937,Ingredients 1 lb ground chicken 5 oz tofu 1 egg white chopped shiso leaves (optional) salt and pepper 2-3 tbsp cornstarch sauce: bachans original sauce OR: 2 tbsp soy sauce 2 tbsp sugar 2 tbsp sake 1 lb ground chicken 5 oz tofu 1 egg white chopped shiso leaves (optional) salt and pepper 2-3 tbsp cornstarch sauce: bachans original sauce OR: 2 tbsp soy sauce 2 tbsp sugar 2 tbsp sake
Japanese yakitori (chicken thigh),https://cookpad.com/eng/recipes/24997517,Ingredients 30 min 2 servings 350 g chicken thighs 6 spring onions 2 dl yakitori sauce 350 g chicken thighs 6 spring onions 2 dl yakitori sauce
Gyoza (japanese dumplings),https://cookpad.com/eng/recipes/24990641,Ingredients 60-65 gyozas 1/2 pound ground pork 2 tbsp soy sauce 1 tbsp sesame oil 1 tbsp sake 3 cloves garlic 1/2 cup chopped nira ( garlic chives ) 1 cup chopped cabbage 2.5 oz (70 g) pack of zha cai (picked mustard stem) 1 tbsp potato starch 60-65 dumpling wrappers 1/2 pound ground pork 2 tbsp soy sauce 1 tbsp sesame oil 1 tbsp sake 3 cloves garlic 1/2 cup chopped nira ( garlic chives ) 1 cup chopped cabbage 2.5 oz (70 g) pack of zha cai (picked mustard stem) 1 tbsp potato starch 60-65 dumpling wrappers
"Easy lunch! Japanese-style pizza with whitebait, chikuwa and leeks",https://cookpad.com/eng/recipes/24773058,"Ingredients 2 people 1 sheet Pizza dough 1 tsp Olive oil （For pizza dough ） 2 Chikuwa 1/2 Leek ( green onion could be used  as a substitution) 1/2 tbsp Shiro dashi (a Japanese broth or soup stock) Shredded cheese 1 pinch Sliced ​​ chili pepper Black pepper 35 g Whitebait ( Shirasu in Japanese. tiny, tender white fish often used in Japanese cooking) 1 sheet Pizza dough 1 tsp Olive oil （For pizza dough ） 2 Chikuwa 1/2 Leek ( green onion could be used  as a substitution) 1/2 tbsp Shiro dashi (a Japanese broth or soup stock) Shredded cheese 1 pinch Sliced ​​ chili pepper Black pepper 35 g Whitebait ( Shirasu in Japanese. tiny, tender white fish often used in Japanese cooking)"
🍕 Japanese-Inspired Veggie Pizza with Tofu “Cottage Cheese”,https://cookpad.com/eng/recipes/24769889,Ingredients 1hr（Including making dough） 🫓 Pizza Base 1 sheet Pizza dough “ Shrimp Mayo Pizza (+ Pizza Dough “ 🍅 Tomato Sauce (Quick Version) Mix all ingredients in a bowl. No cooking needed! 100 ml Canned crushed tomatoes 1/2 tsp Miso paste 1 tsp Basil koji or dried basil 1 pinch Salt to taste Garlic (grated or paste) 🍆 Toppings Broccoli florets – a few pieces Eggplant (sliced) – 3–4 slices Cherry tomatoes – a few Kabocha (Japanese pumpkin ) or sweet potato （sliced）– thin Lotus root (sliced）– optional 1 tsp Olive oil （For dressing vegetables ） Black olives – sliced Deep- fried tofu (abura-age) – cut into small squares Tofu “Cottage Cheese” 🧀 Tofu “Cottage Cheese” Baby greens or sprouts – for garnish Mitsuba or parsley – for freshness 🫓 Pizza Base 1 sheet Pizza dough “ Shrimp Mayo Pizza (+ Pizza Dough “ 🍅 Tomato Sauce (Quick Version) Mix all ingredients in a bowl. No cooking needed! 100 ml Canned crushed tomatoes 1/2 tsp Miso paste 1 tsp Basil koji or dried basil 1 pinch Salt to taste Garlic (grated or paste) 🍆 Toppings Broccoli florets – a few pieces Eggplant (sliced) – 3–4 slices Cherry tomatoes – a few Kabocha (Japanese pumpkin ) or sweet potato （sliced）– thin Lotus root (sliced）– optional 1 tsp Olive oil （For dressing vegetables ） Black olives – sliced Deep- fried tofu (abura-age) – cut into small squares Tofu “Cottage Cheese” 🧀 Tofu “Cottage Cheese” Baby greens or sprouts – for garnish Mitsuba or parsley – for freshness
Japanese-Style Calzone with Roasted Soybeans & Curry,https://cookpad.com/eng/recipes/24751996,Ingredients Makes 2–3 calzones 【For the Dough】 200 g Bread flour (or all-purpose) 1 tsp Dry yeast (about 3g) 1 tsp Sugar 1/2 tsp Salt 1 tbsp Olive oil 120-130 ml Warm water (30–40°C) 【For the Filling】 50 g Steamed soybeans (lightly roasted) 1/4 Onion (finely chopped) 1/4 Carrot (finely chopped) 1 tsp Curry powder 1 pinch Sugar 1/4 tsp Miso (optional) 1/2 tsp Soy sauce 40-50 g Melting cheese ( mozzarella or shredded mix) 1 tsp Olive oil Salt & pepper (to taste) 【For the Dough】 200 g Bread flour (or all-purpose) 1 tsp Dry yeast (about 3g) 1 tsp Sugar 1/2 tsp Salt 1 tbsp Olive oil 120-130 ml Warm water (30–40°C) 【For the Filling】 50 g Steamed soybeans (lightly roasted) 1/4 Onion (finely chopped) 1/4 Carrot (finely chopped) 1 tsp Curry powder 1 pinch Sugar 1/4 tsp Miso (optional) 1/2 tsp Soy sauce 40-50 g Melting cheese ( mozzarella or shredded mix) 1 tsp Olive oil Salt & pepper (to taste)
51. Sando - Japanese Fruit Sandwich,https://cookpad.com/eng/recipes/24755612,Ingredients 20 minutes 4 portions 8 slices toast 250 gr whip cream 250 ml cold water 10 pcs strawberry (choose your favourite Fruit) 1 pc kiwi 5 pcs autumn seedless grapes 8 slices toast 250 gr whip cream 250 ml cold water 10 pcs strawberry (choose your favourite Fruit) 1 pc kiwi 5 pcs autumn seedless grapes
Japanese Teriyaki Chicken Pizza,https://cookpad.com/eng/recipes/24755294,"Ingredients 2 servings Prepared in advance Ayaka’s Pizza dough →id:24694745 200 g Chicken thigh 2 tbsp Soy sauce 2 tbsp Sugar 2 tbsp Sake or water 1 tbsp Oil 50 g Rice cake, diced 1 dash Shredded cheese 1 dash Nori (dried laver ), torn into small pieces As needed Mayonnaise Prepared in advance Ayaka’s Pizza dough →id:24694745 200 g Chicken thigh 2 tbsp Soy sauce 2 tbsp Sugar 2 tbsp Sake or water 1 tbsp Oil 50 g Rice cake, diced 1 dash Shredded cheese 1 dash Nori (dried laver ), torn into small pieces As needed Mayonnaise"
Japanese Smashed Cucumber with Umeboshi,https://cookpad.com/eng/recipes/24753170,"Ingredients Prep 5 min 2 cucumbers (about 250g) 2 umeboshi (Japanese pickled plums, preferably low-salt) ★1 tsp sesame oil ★1 tsp sugar ★1 tsp soy sauce ★1/2 tsp dashi powder (or liquid dashi) 1 pinch salt (for salting the cucumber ) 2 cucumbers (about 250g) 2 umeboshi (Japanese pickled plums, preferably low-salt) ★1 tsp sesame oil ★1 tsp sugar ★1 tsp soy sauce ★1/2 tsp dashi powder (or liquid dashi) 1 pinch salt (for salting the cucumber )"
Japanese and Korean style snack pizza,https://cookpad.com/eng/recipes/24750381,Ingredients 16 gyoza (Dumpling) skins 120 g Shredded Mozzarella Cheese Japanese pizza sauce 30 g tomato paste 5 g Miso Wasabi as you like Japanese style topping 50 g chopped white onion 50 g shiitake mushrooms 3 shiso leaves 20 g pickled eggplants Korian pizza sauce 30 g tomato paste 5 g gochujang 5 g doubanjiang (Chinese hot sauce ) Korian style topping 3 chives 30 g Kimchi toasted sesame seeds as you like Korean nori seaweed 16 gyoza (Dumpling) skins 120 g Shredded Mozzarella Cheese Japanese pizza sauce 30 g tomato paste 5 g Miso Wasabi as you like Japanese style topping 50 g chopped white onion 50 g shiitake mushrooms 3 shiso leaves 20 g pickled eggplants Korian pizza sauce 30 g tomato paste 5 g gochujang 5 g doubanjiang (Chinese hot sauce ) Korian style topping 3 chives 30 g Kimchi toasted sesame seeds as you like Korean nori seaweed
Japanese Potato Salad,https://cookpad.com/eng/recipes/24660863,Ingredients 45 mins 8 servings 2 Large potatoes 1 Carrot 1/4 Sweet Onion 1 Persian Cucumber 2 Eggs 1/4 Cup Kewpie Mayo 2 Tablespoons Rice Vinegar Salt to taste 2 Large potatoes 1 Carrot 1/4 Sweet Onion 1 Persian Cucumber 2 Eggs 1/4 Cup Kewpie Mayo 2 Tablespoons Rice Vinegar Salt to taste
Japanese Napolitan Pasta🍝,https://cookpad.com/eng/recipes/24727616,Ingredients 1h 2 servings 100 g spaghetti 2-3 sausages 1/4 onion 1/4 green pepper 1/4 carrot sauce 1 tsp soy sauce 3 tbsp ketchup 100 g spaghetti 2-3 sausages 1/4 onion 1/4 green pepper 1/4 carrot sauce 1 tsp soy sauce 3 tbsp ketchup
Oyakodon (Japanese Chicken and Egg Rice Bowl),https://cookpad.com/eng/recipes/24707794,Ingredients 20 min 2 people Chicken thigh (220g) 4 Egg Small 1 Onion ★2 Soy sauce … ★2 tbsp Sake ★2 tbsp Mirin ★2 tsp Sugar ★1/4 cup Water Chicken thigh (220g) 4 Egg Small 1 Onion ★2 Soy sauce … ★2 tbsp Sake ★2 tbsp Mirin ★2 tsp Sugar ★1/4 cup Water
Chashu pork (Japanese braised pork belly),https://cookpad.com/eng/recipes/24707630,Ingredients 60 min 4 people Pork shoulder (850g) 1 cup water 1/2 cup soy sauce 1/2 cup sake 1/4 cup sugar Garlic Green part of a leek Pork shoulder (850g) 1 cup water 1/2 cup soy sauce 1/2 cup sake 1/4 cup sugar Garlic Green part of a leek
Japanese Curry using Curry Roux mix,https://cookpad.com/eng/recipes/24692701,"Ingredients 60 min 4 people 1/2 box Japanese curry roux (about 90–100g) 2 onions (sliced) 1 carrot (cut into chunks) 2 potatoes (cut into chunks) 300 –400g meat ( beef , chicken , pork , or ground meat ) Water (check the curry box for exact amount) 1 tbsp cooking oil ( vegetable oil or sesame oil ) 1/2 box Japanese curry roux (about 90–100g) 2 onions (sliced) 1 carrot (cut into chunks) 2 potatoes (cut into chunks) 300 –400g meat ( beef , chicken , pork , or ground meat ) Water (check the curry box for exact amount) 1 tbsp cooking oil ( vegetable oil or sesame oil )"
Japanese Mashed Cucumber Salad,https://cookpad.com/eng/recipes/24692676,Ingredients prep 5 min 2 people 3 cucumber (260g) Salt ★1 tbsp sesame oil ★1 tsp vinegar ★1 tsp soy sauce ★1/4 tsp sugar Sesame seeds (optional) 3 cucumber (260g) Salt ★1 tbsp sesame oil ★1 tsp vinegar ★1 tsp soy sauce ★1/4 tsp sugar Sesame seeds (optional)
"No-Fry Japanese Fried Chicken (no egg, with toaster)",https://cookpad.com/eng/recipes/24679584,"Ingredients 30 min Boneless , skinless chicken thighs (cut into bite-sized pieces) ★2 tbsp Soy sauce ★1 tbsp Sake ★1 tbsp Mirin ★1 tsp Salt ★Grated ginger… 1 clove (optional) ★Grated garlic… 1 clove (optional) as needed All-purpose flour as needed Potato starch (or cornstarch ) Spray Cooking oil (for the tray) Black pepper or lemon juice … to taste (optional) Boneless , skinless chicken thighs (cut into bite-sized pieces) ★2 tbsp Soy sauce ★1 tbsp Sake ★1 tbsp Mirin ★1 tsp Salt ★Grated ginger… 1 clove (optional) ★Grated garlic… 1 clove (optional) as needed All-purpose flour as needed Potato starch (or cornstarch ) Spray Cooking oil (for the tray) Black pepper or lemon juice … to taste (optional)"
Japanese Tuna Poke Bowl,https://cookpad.com/eng/recipes/24664333,Ingredients prep 5 mins 2 people 1 pound Sashimi grade Tuna ★1 tbsp mirin ★1 tbsp sake ★2 tbsp soy sauce 1 pound Sashimi grade Tuna ★1 tbsp mirin ★1 tbsp sake ★2 tbsp soy sauce
Japanese Curry,https://cookpad.com/eng/recipes/24661034,Ingredients 30 mins 4 servings 1 lb pork shoulder 3 garlic cloves 1 tbsp minced ginger 1 chopped yellow onion 2 cups chopped carrots 2 cups chopped yellow potatoes 1 tbsp soy sauce 1 tsp salt 4 cups chicken broth 6 cubed golden curry roux 1 lb pork shoulder 3 garlic cloves 1 tbsp minced ginger 1 chopped yellow onion 2 cups chopped carrots 2 cups chopped yellow potatoes 1 tbsp soy sauce 1 tsp salt 4 cups chicken broth 6 cubed golden curry roux
Takikomi Gohan (Japanese mixed mushroom rice),https://cookpad.com/eng/recipes/24580547,Ingredients 1 hour 6 servings 2 cups short grain Japanese rice 2 cups water 1 tablespoon soy sauce 1 tablespoon sake 1 teaspoon mirin 1/2 packet dashi powder 1 pack shimeji ( brown beech mushrooms ) 4 dried shiitake 1 sheet abruaage 2 cups short grain Japanese rice 2 cups water 1 tablespoon soy sauce 1 tablespoon sake 1 teaspoon mirin 1/2 packet dashi powder 1 pack shimeji ( brown beech mushrooms ) 4 dried shiitake 1 sheet abruaage
Japanese egg sandwiches,https://cookpad.com/eng/recipes/24617243,"Ingredients 40 mins 2 servings 3 eggs 2 tbsp kewpie mayo 2 tsp heavy cream (can sub milk) 1/4 tsp karashi (Japanese mustard) 1/4 tsp sugar salt and pepper , to taste squeeze lemon juice parsley , to garnish (optional) 4 slices Japanese milk bread 3 eggs 2 tbsp kewpie mayo 2 tsp heavy cream (can sub milk) 1/4 tsp karashi (Japanese mustard) 1/4 tsp sugar salt and pepper , to taste squeeze lemon juice parsley , to garnish (optional) 4 slices Japanese milk bread"
Ponzu Japanese Tofu and Pork Hamburg  (with Daikon Sauce),https://cookpad.com/eng/recipes/24614840,"Ingredients 10-12 pieces 1 pack (450 g) Ground pork 1 pack (450 g) Firm tofu Onion ½ medium (about 100 g), finely chopped ★1 tbsp Potato starch ★1 tbsp Soy sauce ★1/3 tsp Grated garlic 1 pack (450 g) Ground pork 1 pack (450 g) Firm tofu Onion ½ medium (about 100 g), finely chopped ★1 tbsp Potato starch ★1 tbsp Soy sauce ★1/3 tsp Grated garlic"
Japanese Taco Rice,https://cookpad.com/eng/recipes/24610664,Ingredients 40mins 4 people Taco meat 2 tbs Olive oil 1 pound ground beef 1 canned beans (I used pinto ) 1 medium yellow onion minced 3 cloves Garlic minced 3 tbs Ketchup 1 tbs Soy sauce 1/2 tsp kosher salt 1/2 tsp Black pepper ground 1 tsp ground cumin 1 tsp ground paprika 1/2 tsp oregano 1/2 cup water or any broth Salsa 1 large tomato small diced 1/2 yellow onion minced 1 clove garlic minced 1/2 tsp kosher salt 1/2 tsp ground cumin Half Lemon juice 2 tbs Cilantro finely chopped Rice 2 cups rice 1/4 tsp turmeric Water to cook rice Other ingredients Green salad (baby spinach or lettuce ) Cilantro for garnish 1 avocado sliced Taco meat 2 tbs Olive oil 1 pound ground beef 1 canned beans (I used pinto ) 1 medium yellow onion minced 3 cloves Garlic minced 3 tbs Ketchup 1 tbs Soy sauce 1/2 tsp kosher salt 1/2 tsp Black pepper ground 1 tsp ground cumin 1 tsp ground paprika 1/2 tsp oregano 1/2 cup water or any broth Salsa 1 large tomato small diced 1/2 yellow onion minced 1 clove garlic minced 1/2 tsp kosher salt 1/2 tsp ground cumin Half Lemon juice 2 tbs Cilantro finely chopped Rice 2 cups rice 1/4 tsp turmeric Water to cook rice Other ingredients Green salad (baby spinach or lettuce ) Cilantro for garnish 1 avocado sliced
“Japanese” Brioche!!,https://cookpad.com/eng/recipes/24571347,"Ingredients 2 hours 8 people TANGZHONG: 3 tablespoon bread flour (25gr) 1/4 cup milk (60gr) 1/4 cup water (60gr) MAIN DOUGH : 0.7 oz fresh baker’s yeast or 2 1/4 teaspoons dry yeast (20gr fresh or 7gr dry) 1/3 cup milk (100gr) 1/4 cup sugar (50gr) If you like it sweet, double the amount of sugar 1/2 teaspoon salt 1 egg 3 cups bread flour (360gr) 3 tablespoon butter (40gr) FOR BRUSHING: 1 egg 1 splash milk TANGZHONG: 3 tablespoon bread flour (25gr) 1/4 cup milk (60gr) 1/4 cup water (60gr) MAIN DOUGH : 0.7 oz fresh baker’s yeast or 2 1/4 teaspoons dry yeast (20gr fresh or 7gr dry) 1/3 cup milk (100gr) 1/4 cup sugar (50gr) If you like it sweet, double the amount of sugar 1/2 teaspoon salt 1 egg 3 cups bread flour (360gr) 3 tablespoon butter (40gr) FOR BRUSHING: 1 egg 1 splash milk"
Japanese Spicy Hot Pot Base (Akakara nabe inspired),https://cookpad.com/eng/recipes/24569092,Ingredients 30 mins 2 people 1/2 tbsp Chuuka Fu Dashi (can substitute chicken bouillon ) 5 tbsp soy sauce 5 tbsp cooking sake 1 1/2 tbsp mirin 1/2 tbsp sugar 3 tbsp gochujang 1 tbsp tobanjan 2 cloves crushed garlic 3 tbsp honey 2 tbsp ground sesame seeds (can substitute whole) 2 cups water 1/2 tbsp Chuuka Fu Dashi (can substitute chicken bouillon ) 5 tbsp soy sauce 5 tbsp cooking sake 1 1/2 tbsp mirin 1/2 tbsp sugar 3 tbsp gochujang 1 tbsp tobanjan 2 cloves crushed garlic 3 tbsp honey 2 tbsp ground sesame seeds (can substitute whole) 2 cups water
Tonkotsu Shoyu Ramen,https://cookpad.com/eng/recipes/25358581,"Ingredients 16hrs Tonkotsu base 6 g Kombu 240 g Water 3 L Water (3 Liters mentioned) 1.3 kg Spare Ribs (Whole rack, untrimmed) 1 Pig 's Foot (Whole) 450 g Ground Pork 30 g Garlic 15 g Ginger (cut into coins) Chicken stock addition 2.3 kg Chicken Wings Steeped Aromatics 300 g Onion 40 g Scallions 15 g Ginger (Coins) 30 g Garlic (Crushed) 6 g Kombu with liquid that was steeped previously 250 g Napa Cabbage Clarification 500 g Chicken Breast (Lean, cubed) 2 L Stock (From the previous steps, after removing fat) Dashi 1 L Water 25 g Kombu 25 g Bonito Flakes Shoyu Tare 400 g Soy Sauce 6 g Kombu 3 g Dried Shiitake Mushrooms 240 g Sake 5 g Garlic clove 40 g Mirin 8 g Bonito flakes ( Katsuobushi ) 10 g Granulated Sugar 5 g Kosher salt 40 g Fish Sauce Aromatic Fat 1 Reserved Fat (Skimmed from the top of the chilled stock) 1 Lard or neutral oil (add to reserved fat until you have a total of 300g before evaporating water) 1-2 Garlic Clove (Smashed) Chashu (Roast Pork Belly) 900 g Pork Belly (Center cut, skin-off) 9 g Salt 9 g Brown Sugar 5 g Soy Sauce (For marinade ) 5 g Mirin (For marinade ) Toppings 1 White Pepper 1 Raw Onion (Finely diced/""confetti cut"") 1 Spinach (Blanched) 1 Negi ( Sliced scallion /onion) 1 Nori ( Seaweed sheets) 4 Marinated or soft boiled Egg (Ajitsuke Tamago) Tonkotsu base 6 g Kombu 240 g Water 3 L Water (3 Liters mentioned) 1.3 kg Spare Ribs (Whole rack, untrimmed) 1 Pig 's Foot (Whole) 450 g Ground Pork 30 g Garlic 15 g Ginger (cut into coins) Chicken stock addition 2.3 kg Chicken Wings Steeped Aromatics 300 g Onion 40 g Scallions 15 g Ginger (Coins) 30 g Garlic (Crushed) 6 g Kombu with liquid that was steeped previously 250 g Napa Cabbage Clarification 500 g Chicken Breast (Lean, cubed) 2 L Stock (From the previous steps, after removing fat) Dashi 1 L Water 25 g Kombu 25 g Bonito Flakes Shoyu Tare 400 g Soy Sauce 6 g Kombu 3 g Dried Shiitake Mushrooms 240 g Sake 5 g Garlic clove 40 g Mirin 8 g Bonito flakes ( Katsuobushi ) 10 g Granulated Sugar 5 g Kosher salt 40 g Fish Sauce Aromatic Fat 1 Reserved Fat (Skimmed from the top of the chilled stock) 1 Lard or neutral oil (add to reserved fat until you have a total of 300g before evaporating water) 1-2 Garlic Clove (Smashed) Chashu (Roast Pork Belly) 900 g Pork Belly (Center cut, skin-off) 9 g Salt 9 g Brown Sugar 5 g Soy Sauce (For marinade ) 5 g Mirin (For marinade ) Toppings 1 White Pepper 1 Raw Onion (Finely diced/""confetti cut"") 1 Spinach (Blanched) 1 Negi ( Sliced scallion /onion) 1 Nori ( Seaweed sheets) 4 Marinated or soft boiled Egg (Ajitsuke Tamago)"
Japanese Style Hamburger Steak (ハンバーグ),https://cookpad.com/eng/recipes/24464316,"Ingredients 22 - 25 minutes Makes 14 patties For the Meat Patties: 1 lb 80% lean ground beef 1 lb ground pork 1 medium yellow onion , very finely chopped 3/4 cup Panko breadcrumbs 4 tablespoons whole milk (I used equal amounts of skim milk and half and half) 1 large egg 1 3/4 teaspoon kosher salt 1 1/2 teaspoons Dijon mustard Neutral oil, such as vegetable or canola oil 1/8 teaspoons ground nutmeg Several grinds of black pepper For the Sauce: 2/3 cup ketchup 2 teaspoons Dijon mustard (OR 2 teaspoons honey mustard +1/4 teaspoon white wine vinegar ) 4 teaspoons Worcestershire sauce 4 teaspoon soy sauce 4 teaspoons brown sugar 4 tablespoons unsalted butter , cut into small pieces For the Meat Patties: 1 lb 80% lean ground beef 1 lb ground pork 1 medium yellow onion , very finely chopped 3/4 cup Panko breadcrumbs 4 tablespoons whole milk (I used equal amounts of skim milk and half and half) 1 large egg 1 3/4 teaspoon kosher salt 1 1/2 teaspoons Dijon mustard Neutral oil, such as vegetable or canola oil 1/8 teaspoons ground nutmeg Several grinds of black pepper For the Sauce: 2/3 cup ketchup 2 teaspoons Dijon mustard (OR 2 teaspoons honey mustard +1/4 teaspoon white wine vinegar ) 4 teaspoons Worcestershire sauce 4 teaspoon soy sauce 4 teaspoons brown sugar 4 tablespoons unsalted butter , cut into small pieces"
Ramen Eggs,https://cookpad.com/eng/recipes/25337166,Ingredients 4-7 servings 4-7 Eggs 1/2 cup Soy sauce 1/2 cup Mirin (sweet cooking rice seasoning) 1.5 cups Water 4-7 Eggs 1/2 cup Soy sauce 1/2 cup Mirin (sweet cooking rice seasoning) 1.5 cups Water
Grilled Teriyaki Wings Cook or Freeze ready,https://cookpad.com/eng/recipes/25288957,Ingredients 30 minutes 1hr prep time Chicken marinate 1 1/2 lbs whole chicken wings Half bottle Lawry teriyaki 1 tbsp salt 1 tbsp pepper Rice instructions 1 cup rice 2 cups water Chicken marinate 1 1/2 lbs whole chicken wings Half bottle Lawry teriyaki 1 tbsp salt 1 tbsp pepper Rice instructions 1 cup rice 2 cups water
Easy Vegan Dumpling Ramen Bake,https://cookpad.com/eng/recipes/25194966,"Ingredients 40 minutes 4 people 25 g fresh ginger 4 cloves garlic 1 tbsp chilli flakes 35 g / 2 tbsp miso paste 1 tbsp rice wine vinegar 30 ml 0 sugar maple syrup 50 g Peanut butter powder 50 g runny tahini 2 tbsp soy sauce 35 g spring onions (6) 400 ml unsweatened almond milk 850 ml vegetable stock 100 g Dried TVP 440 g (1 packet, serves 4) rice noodles 12 frozen vegan Goyoza Topping Sesame seeds Spring onion Coriander 25 g fresh ginger 4 cloves garlic 1 tbsp chilli flakes 35 g / 2 tbsp miso paste 1 tbsp rice wine vinegar 30 ml 0 sugar maple syrup 50 g Peanut butter powder 50 g runny tahini 2 tbsp soy sauce 35 g spring onions (6) 400 ml unsweatened almond milk 850 ml vegetable stock 100 g Dried TVP 440 g (1 packet, serves 4) rice noodles 12 frozen vegan Goyoza Topping Sesame seeds Spring onion Coriander"
Microwaved Ramen,https://cookpad.com/eng/recipes/25189708,"Ingredients 4 mins 1 serving 1 Instant ramen pack 1 cup (240 ml) Water 1 (plus extra, if desired) Seasoning packet (from ramen) to taste Slap Ya Mama seasoning to taste Tony’s seasoning 1 pinch Salt 1 Instant ramen pack 1 cup (240 ml) Water 1 (plus extra, if desired) Seasoning packet (from ramen) to taste Slap Ya Mama seasoning to taste Tony’s seasoning 1 pinch Salt"
Chicken Teriyaki Shish Kabobs,https://cookpad.com/eng/recipes/25183018,"Ingredients 2 servings 300 g Chicken breast or thighs 2 tbsp Chicken rub 1 , cut into chunks Green bell pepper 1 , cut into chunks Red bell pepper 1 , cut into chunks Onion 1 tsp Garlic powder 1/2 , cut into chunks Pineapple 1 tbsp Olive oil 3 tbsp Chicken teriyaki sauce 2 tbsp (for spray) Water 2 tbsp (for spray) Orange juice 300 g Chicken breast or thighs 2 tbsp Chicken rub 1 , cut into chunks Green bell pepper 1 , cut into chunks Red bell pepper 1 , cut into chunks Onion 1 tsp Garlic powder 1/2 , cut into chunks Pineapple 1 tbsp Olive oil 3 tbsp Chicken teriyaki sauce 2 tbsp (for spray) Water 2 tbsp (for spray) Orange juice"
Avocado and Cream Cheese Sushi,https://cookpad.com/eng/recipes/25170909,Ingredients 30 minutes 20 sushi pieces 3 Nori sheets 1 Hass avocado 1 cup sushi rice (uncooked) 3 oz cream cheese 1/2 tbsp rice vinegar 3 tsp sesame seeds 1/2 tsp lemon juice 3 Nori sheets 1 Hass avocado 1 cup sushi rice (uncooked) 3 oz cream cheese 1/2 tbsp rice vinegar 3 tsp sesame seeds 1/2 tsp lemon juice
Beef Ramen with Broccoli,https://cookpad.com/eng/recipes/25169980,"Ingredients 45 minutes 2 servings 1 Tbs vinegar 4-6 Tbs low sodium soy sauce , divided 2 Tbs cornstarch , divided 2 Tbs minced garlic 1 pound your favorite cheaper cut of steak 2 packages beef ramen, save the flavor packets 2 Tbs oyster sauce 1 tsp sugar 3-4 Tbs neutral cooking oil 1 bag frozen broccoli 3/4 cup cold water 1 tsp red pepper flakes 1 Tbs vinegar 4-6 Tbs low sodium soy sauce , divided 2 Tbs cornstarch , divided 2 Tbs minced garlic 1 pound your favorite cheaper cut of steak 2 packages beef ramen, save the flavor packets 2 Tbs oyster sauce 1 tsp sugar 3-4 Tbs neutral cooking oil 1 bag frozen broccoli 3/4 cup cold water 1 tsp red pepper flakes"
Diet Garden Sushi Recipe | How to Enjoy It Light and Refreshing 🫜🍙,https://cookpad.com/eng/recipes/25078669,Ingredients 10 Minutes 1 serving Inari sushi leaves Perilla Arugula leaves Sedum Tofu Mung bean jelly Carrot Paprika Radish Sauce 2 Tbsp Mayonnaise 1 Tbsp Agave syrup 1 tsp Lemon juice Inari sushi leaves Perilla Arugula leaves Sedum Tofu Mung bean jelly Carrot Paprika Radish Sauce 2 Tbsp Mayonnaise 1 Tbsp Agave syrup 1 tsp Lemon juice
Chicken Teriyaki (meal prep friendly),https://cookpad.com/eng/recipes/25038367,Ingredients 3 servings Chicken Marinade 450 g chicken breast 1 tbsp Sesame Oil 1/2 tsp pepper Teriyaki Sauce 3 tbsp light brown sugar 3 tbsp light soy sauce 1 tbsp sesame oil 1 tsp apple cider vinegar 1 tsp ginger (grated) 1 tsp garlic (grated) 1/2 cup water 1.5 tsp cornstarch Other ingredients 1/4 tsp salt for seasoning 1/4 tsp pepper for seasoning 1 tsp sesame seeds for garnish 2 tbsp spring onion greens for garnish Chicken Marinade 450 g chicken breast 1 tbsp Sesame Oil 1/2 tsp pepper Teriyaki Sauce 3 tbsp light brown sugar 3 tbsp light soy sauce 1 tbsp sesame oil 1 tsp apple cider vinegar 1 tsp ginger (grated) 1 tsp garlic (grated) 1/2 cup water 1.5 tsp cornstarch Other ingredients 1/4 tsp salt for seasoning 1/4 tsp pepper for seasoning 1 tsp sesame seeds for garnish 2 tbsp spring onion greens for garnish
Spicy hollandaise beef ramen,https://cookpad.com/eng/recipes/24134128,Ingredients 10-20 min 2-3 servings 2 cups water Half a package of hollandaise powder for making hollandaise sauce the more you use the creamier it becomes I used frozen meatballs . You could pretty much use any type of meat or ball you have that's frozen 1 half a sweet onion cut it however and you'd like to eat it One package of instant noodles 2 cups water Half a package of hollandaise powder for making hollandaise sauce the more you use the creamier it becomes I used frozen meatballs . You could pretty much use any type of meat or ball you have that's frozen 1 half a sweet onion cut it however and you'd like to eat it One package of instant noodles
Crispy Spring Vegetable Tempura Rice Bowl (Tendon) 🌿🌼🍚,https://cookpad.com/eng/recipes/25009924,"Ingredients 20 minutes 1 serving Seasonal spring greens (minari, chamnamul, or your favorite herbs) Vegetables (onion, potato , zucchini ) 1 cup Tempura flour 150 ml Cold water or sparkling water 1 Egg Cooking oil (for frying) 1 Bowl steamed rice Sauce 3 Tbsp Soy sauce 2 Tbsp Cooking wine 1 Tbsp Sugar 2 Tbsp Kelp water (or plain water) Seasonal spring greens (minari, chamnamul, or your favorite herbs) Vegetables (onion, potato , zucchini ) 1 cup Tempura flour 150 ml Cold water or sparkling water 1 Egg Cooking oil (for frying) 1 Bowl steamed rice Sauce 3 Tbsp Soy sauce 2 Tbsp Cooking wine 1 Tbsp Sugar 2 Tbsp Kelp water (or plain water)"
Shrimp teriyaki bowl,https://cookpad.com/eng/recipes/25001060,Ingredients 15 min 2 servings 1 bag small shrimp 1 package sticky rice 1/2 cup pickled Asian vegetables Japanese barbecue sauce 1 cup steamed edamame Marinated cucumbers Rice vinegar Chili oil Minced garlic Coconut aminos 1 bag small shrimp 1 package sticky rice 1/2 cup pickled Asian vegetables Japanese barbecue sauce 1 cup steamed edamame Marinated cucumbers Rice vinegar Chili oil Minced garlic Coconut aminos
Salmon Sushi Bake,https://cookpad.com/eng/recipes/24974801,Ingredients 15 minutes 2 servings Salmon Mixture 1 cup Shredded salmon 2 tbsp Kewpie mayo 1 tbsp Sriracha 1 tsp Soy sauce Seasoned Rice 1 cup Cooked rice 1 tsp Sugar 1 tsp Sesame oil 1 tsp Rice wine vinegar Toppings 1 tsp Kewpie mayo (for topping) 1 tsp Sriracha (for topping) 1 tbsp Furikake (for topping) 2 packs Seaweed Snacks (for wrapping) Salmon Mixture 1 cup Shredded salmon 2 tbsp Kewpie mayo 1 tbsp Sriracha 1 tsp Soy sauce Seasoned Rice 1 cup Cooked rice 1 tsp Sugar 1 tsp Sesame oil 1 tsp Rice wine vinegar Toppings 1 tsp Kewpie mayo (for topping) 1 tsp Sriracha (for topping) 1 tbsp Furikake (for topping) 2 packs Seaweed Snacks (for wrapping)
Braised Stuffed Bitter Melon & Tofu w/ Tomato Fish Sauce | Khổ Qua & Đậu Hủ Dồn Thịt Kho Sốt Cà,https://cookpad.com/eng/recipes/24955232,"Ingredients 1 hr 15 minutes 6 people Ground pork stuffing 1.5 lbs ground pork (80% lean) 1 bundle glass noodles (hydrated, dried, & chopped to size) 1 oz dried shredded fungus mushrooms (hydrated, dried, & chopped to size) 3 scallion heads (minced) 1 shallot (minced) 1 Tbs sugar 1/4 tsp msg 1.5 tsp ground black pepper 2 tsp chicken bouillon granulate 1 Tbs fish sauce 3/4 tsp sea salt 1 large egg Braised Tomato fish sauce 5 Roma tomatoes (diced) 1/2 small white onion (minced) 5 cloves garlic (minced) 1 shallot (minced) 1 Tbs Sugar 1.5 tsp chicken bouillon granulate 2 Tbs Fish sauce 1 tsp ground black pepper Other Essentials 2 bitter melons 5 pcs squared fried tofu as needed Neutral cooking oil Green onions (chopped) Fried shallots Thai chili Ground pork stuffing 1.5 lbs ground pork (80% lean) 1 bundle glass noodles (hydrated, dried, & chopped to size) 1 oz dried shredded fungus mushrooms (hydrated, dried, & chopped to size) 3 scallion heads (minced) 1 shallot (minced) 1 Tbs sugar 1/4 tsp msg 1.5 tsp ground black pepper 2 tsp chicken bouillon granulate 1 Tbs fish sauce 3/4 tsp sea salt 1 large egg Braised Tomato fish sauce 5 Roma tomatoes (diced) 1/2 small white onion (minced) 5 cloves garlic (minced) 1 shallot (minced) 1 Tbs Sugar 1.5 tsp chicken bouillon granulate 2 Tbs Fish sauce 1 tsp ground black pepper Other Essentials 2 bitter melons 5 pcs squared fried tofu as needed Neutral cooking oil Green onions (chopped) Fried shallots Thai chili"
Chicken Teriyaki Bowl,https://cookpad.com/eng/recipes/24930858,"Ingredients 2 servings 1 pinch Salt 1-2 tbsp (to thin) Water 1/2 clove Garlic (minced) 1/2 tsp Ginger (grated) 1 tsp Lime juice 1 tsp Honey 1 tbsp Rice vinegar 1 tbsp Soy sauce 2 tbsp Peanut butter 200 g (cooked) White rice 1 tsp Sesame seeds 20 g Crispy wonton strips 40 g Cucumber (diced) 40 g Carrot (julienned) 60 g Cabbage (shredded) 80 g Broccoli florets 60 g Edamame (shelled) 200 g (cooked, diced) Teriyaki marinated chicken 1 pinch Salt 1-2 tbsp (to thin) Water 1/2 clove Garlic (minced) 1/2 tsp Ginger (grated) 1 tsp Lime juice 1 tsp Honey 1 tbsp Rice vinegar 1 tbsp Soy sauce 2 tbsp Peanut butter 200 g (cooked) White rice 1 tsp Sesame seeds 20 g Crispy wonton strips 40 g Cucumber (diced) 40 g Carrot (julienned) 60 g Cabbage (shredded) 80 g Broccoli florets 60 g Edamame (shelled) 200 g (cooked, diced) Teriyaki marinated chicken"
Teriyaki Filet with Vegetables,https://cookpad.com/eng/recipes/24929784,"Ingredients 2 servings 200 g Filet 1 small Zucchini 50 g Water chestnuts 1/2 head Broccoli 1/2 Onion 3 tbsp P.F. Chang’s teriyaki sauce 2 servings Cooked rice 1 tsp (optional, for garnish) Sesame seeds 1 tbsp Oil 200 g Filet 1 small Zucchini 50 g Water chestnuts 1/2 head Broccoli 1/2 Onion 3 tbsp P.F. Chang’s teriyaki sauce 2 servings Cooked rice 1 tsp (optional, for garnish) Sesame seeds 1 tbsp Oil"
Salmon Sushi Rice Bowl,https://cookpad.com/eng/recipes/24929740,Ingredients 1 serving 1 piece (about 120g) Salmon fillet 150 g Sushi rice (cooked according to package) 1/4 (sliced) Cucumber 1/2 (diced) Avocado 40 g Edamame (shelled) 30 g Shredded carrot 2 tbsp Spicy mayo 1/4 tsp Salt 1/4 tsp Pepper 1 tsp Oil 1 piece (about 120g) Salmon fillet 150 g Sushi rice (cooked according to package) 1/4 (sliced) Cucumber 1/2 (diced) Avocado 40 g Edamame (shelled) 30 g Shredded carrot 2 tbsp Spicy mayo 1/4 tsp Salt 1/4 tsp Pepper 1 tsp Oil
Steak Donburi,https://cookpad.com/eng/recipes/24776922,Ingredients 45 mins 2 servings 2 pieces filet mignon 2 medium sweet onions 1 cup cooked rice 2 tablespoons soy sauce 1 tablespoon sake 1 tablespoon mirin 1 tablespoon bonito flakes 1 teaspoon sugar wasabi to taste 2 pieces filet mignon 2 medium sweet onions 1 cup cooked rice 2 tablespoons soy sauce 1 tablespoon sake 1 tablespoon mirin 1 tablespoon bonito flakes 1 teaspoon sugar wasabi to taste
Spicy Tuna Sushi Roll,https://cookpad.com/eng/recipes/24815680,"Ingredients 5 minutes when using rice cooker to prepare rice. 2 servings 1 cup (uncooked) Sushi rice 200 g, sliced into small cubes Sushi-grade tuna . Season tuna with Shichimi Togarashi, or your favorite spices 1 , sliced Avocado 2 tablespoons Panko breadcrumbs 2 sheets Roasted seaweed nori 2 tablespoons Sriracha 2 tablespoons Rice vinegar 1 large pinch Salt for serving Soy sauce for serving Wasabi 1 cup (uncooked) Sushi rice 200 g, sliced into small cubes Sushi-grade tuna . Season tuna with Shichimi Togarashi, or your favorite spices 1 , sliced Avocado 2 tablespoons Panko breadcrumbs 2 sheets Roasted seaweed nori 2 tablespoons Sriracha 2 tablespoons Rice vinegar 1 large pinch Salt for serving Soy sauce for serving Wasabi"
Restaurant Style Teriyaki Chicken,https://cookpad.com/eng/recipes/24811168,Ingredients 1 hr 2 servings Marinade 1 lb boneless chicken thighs 1/4 cup soy sauce 1/8 cup mirin 1/8 cup sugar 1/2 tsp salt 1/2 tsp pepper 1/2 tsp chicken bouillon powder 1/2 tsp paprika 1/2 tsp garlic powder Glaze 1 tbsp cornstarch 1 tbsp honey Toppings 1 tsp sesame seeds 1 green onion 1 cup white rice Marinade 1 lb boneless chicken thighs 1/4 cup soy sauce 1/8 cup mirin 1/8 cup sugar 1/2 tsp salt 1/2 tsp pepper 1/2 tsp chicken bouillon powder 1/2 tsp paprika 1/2 tsp garlic powder Glaze 1 tbsp cornstarch 1 tbsp honey Toppings 1 tsp sesame seeds 1 green onion 1 cup white rice
Chicken Teriyaki with Crispy Skin,https://cookpad.com/eng/recipes/24763674,"Ingredients Sauce 4 tbsp sake (or substitute water/ broth ) 6 tbsp low sodium soy sauce 4 tbsp mirin 2 tbsp brown sugar 1 tbsp honey 1 small clove garlic , smashed 1 small piece ginger, peeled Tiny squeeze of fresh orange juice 1 tbsp cornstarch + 2 tbsp water (for slurry) Chicken 2 –2.5 lbs boneless , skin-on chicken thighs (or bone -in and de bone d) Kosher salt Avocado oil (or other neutral oil) To Serve Cooked sushi rice Baby bok choy (about 2 heads) Salt + splash of water (for bok choy ) Toasted sesame seeds Sauce 4 tbsp sake (or substitute water/ broth ) 6 tbsp low sodium soy sauce 4 tbsp mirin 2 tbsp brown sugar 1 tbsp honey 1 small clove garlic , smashed 1 small piece ginger, peeled Tiny squeeze of fresh orange juice 1 tbsp cornstarch + 2 tbsp water (for slurry) Chicken 2 –2.5 lbs boneless , skin-on chicken thighs (or bone -in and de bone d) Kosher salt Avocado oil (or other neutral oil) To Serve Cooked sushi rice Baby bok choy (about 2 heads) Salt + splash of water (for bok choy ) Toasted sesame seeds"
30-minute Gyudon,https://cookpad.com/eng/recipes/24744918,Ingredients 30 mins 2 servings 1 lb thinly sliced beef 1 knob ginger 1 medium onion .5 cup Dashi stock 5 tbsp mirin 5 tbsp soy sauce 5 tsp sugar 1/2 tsp sesame oil 1 cup cooked rice 2 Fried eggs (optional) 1 green onion 1/2 tsp togarashi 1 lb thinly sliced beef 1 knob ginger 1 medium onion .5 cup Dashi stock 5 tbsp mirin 5 tbsp soy sauce 5 tsp sugar 1/2 tsp sesame oil 1 cup cooked rice 2 Fried eggs (optional) 1 green onion 1/2 tsp togarashi
Sushi Bowl,https://cookpad.com/eng/recipes/24737535,"Ingredients 20 minutes 1 servings 1 cup Brown rice 100 g Krab 1/2 , sliced Avocado 2 , chopped Green onions 100 g Seaweed salad 1 , sliced Persian cucumber 1 tablespoons Spicy mayo 1 teaspoon Sriracha 2 tablespoons Fried onions (optional) Sesame seeds (optional) 1 cup Brown rice 100 g Krab 1/2 , sliced Avocado 2 , chopped Green onions 100 g Seaweed salad 1 , sliced Persian cucumber 1 tablespoons Spicy mayo 1 teaspoon Sriracha 2 tablespoons Fried onions (optional) Sesame seeds (optional)"
Ramen Egg and Tontoro,https://cookpad.com/eng/recipes/24731064,Ingredients 2 servings 2 Eggs Light soy sauce enough to cover half egg . Mix with water to cover whole egg 1 tablespoon Sugar 1 teaspoon Sake 200 g Pork tontoro 1 tablespoon Honey 1 clove Chopped garlic 2 Eggs Light soy sauce enough to cover half egg . Mix with water to cover whole egg 1 tablespoon Sugar 1 teaspoon Sake 200 g Pork tontoro 1 tablespoon Honey 1 clove Chopped garlic
Yuzu Salmon Onigiri,https://cookpad.com/eng/recipes/24666547,Ingredients 10 mins 2 servings 1 cup rice 2 tbsp furikake 1 tsp sesame oil 2 tbsp salmon flakes 1 tsp kewpie mayo 1 tsp sriracha 1/2 tsp yuzu paste 2 pieces onigiri seaweed 1 cup rice 2 tbsp furikake 1 tsp sesame oil 2 tbsp salmon flakes 1 tsp kewpie mayo 1 tsp sriracha 1/2 tsp yuzu paste 2 pieces onigiri seaweed
Sweet Onion Teriyaki Crockpot Meatballs,https://cookpad.com/eng/recipes/24629442,"Ingredients 2-3hrs 14-16 servings 2 Pkgs. Family Size Homestyle Meatballs , thawed 2 Bottles Subway Sweet Onion Teriyaki Sauce 2 Pkgs. Family Size Homestyle Meatballs , thawed 2 Bottles Subway Sweet Onion Teriyaki Sauce"
Sushi California roll bowl,https://cookpad.com/eng/recipes/24615026,"Ingredients Cooked jasmine rice 1 avocado , diced 1 English cucumber diced Imitation crab meat , diced 1 tablespoon rice vinegar 1 pinch sugar 3 tablespoons mayo 1-2 tablespoons Sriracha sauce Soy sauce Seaweed chips Cooked jasmine rice 1 avocado , diced 1 English cucumber diced Imitation crab meat , diced 1 tablespoon rice vinegar 1 pinch sugar 3 tablespoons mayo 1-2 tablespoons Sriracha sauce Soy sauce Seaweed chips"
Yaki Onigiri,https://cookpad.com/eng/recipes/24569268,Ingredients 4 servings 2 cups cooked rice 1 teaspoon soft furikake 1 tablespoon avocado oil 2 square sheets nori cut in half 2 cups cooked rice 1 teaspoon soft furikake 1 tablespoon avocado oil 2 square sheets nori cut in half
Chili Sauce Chicken Sando,https://cookpad.com/eng/recipes/24583626,Ingredients 25 mins 2 chicken thighs 1 egg 2 tbsp flour 1 cup panko 1 cup oil 1/2 tsp onion powder 1/2 tsp garlic powder 1 tbsp Japanese Worcestershire 1 tbsp kewpie mayo 1/2 tbsp tonkatsu sauce 1 tsp chili oil (Fly by Jing) Handful arugula 2 chicken thighs 1 egg 2 tbsp flour 1 cup panko 1 cup oil 1/2 tsp onion powder 1/2 tsp garlic powder 1 tbsp Japanese Worcestershire 1 tbsp kewpie mayo 1/2 tbsp tonkatsu sauce 1 tsp chili oil (Fly by Jing) Handful arugula
Sushi Bake Sandwich,https://cookpad.com/eng/recipes/24567208,Ingredients 10 minutes 1 serving 4 oz imitation crab 4 oz canned tuna (drained) 2 bread slices Avocado Eel sauce Sauce Green onion 1 tbsp kewpie mayo 1 tbsp Sriracha 1.5 tbsp cream cheese Furikake 4 oz imitation crab 4 oz canned tuna (drained) 2 bread slices Avocado Eel sauce Sauce Green onion 1 tbsp kewpie mayo 1 tbsp Sriracha 1.5 tbsp cream cheese Furikake
Spicy Thai Chicken Tempura,https://cookpad.com/eng/recipes/24525497,Ingredients 40 mins 2+ 1 1/2lb boneless chicken (strips/cubed) Salt and Pepper to taste Batter 1 egg (beaten) 1 cup ice cold water 1 cup flour Oil for frying For Sauté 2 Tbsp oil 1 large green pepper cut to squares 1 onion cut to square 1 1/2lb boneless chicken (strips/cubed) Salt and Pepper to taste Batter 1 egg (beaten) 1 cup ice cold water 1 cup flour Oil for frying For Sauté 2 Tbsp oil 1 large green pepper cut to squares 1 onion cut to square
Oyakodon,https://cookpad.com/eng/recipes/24490410,Ingredients 1 serving Dashi Broth 2 cups of water 1 piece Kombu sea kelp half cup of bonito fish flakes 1 tsp Salt 3 tbsp Soy Sauce 3 tbsp Mirin 2 tbsp Sake 1 tsp sugar (optional) Oyakodon 2 skin-on chicken thighs 1/2 a whole onion 1 1/2 cup dashi broth 2 eggs scrambled 4 tender parsley stems dash sichimi togarashi Dashi Broth 2 cups of water 1 piece Kombu sea kelp half cup of bonito fish flakes 1 tsp Salt 3 tbsp Soy Sauce 3 tbsp Mirin 2 tbsp Sake 1 tsp sugar (optional) Oyakodon 2 skin-on chicken thighs 1/2 a whole onion 1 1/2 cup dashi broth 2 eggs scrambled 4 tender parsley stems dash sichimi togarashi
Sushi bake,https://cookpad.com/eng/recipes/24442814,"Ingredients 1 cup cooked rice 1 tbsp rice vinegar Sesame oil 1.5 pkg imitation crab , chopped Garlic powder Onion powder Paprika 1/4 cup mayo 1.5 heaping tbsps cream cheese Furikake Sriracha Sesame seeds Green onion Spicy mayo Cucumber sheets Nori 1 cup cooked rice 1 tbsp rice vinegar Sesame oil 1.5 pkg imitation crab , chopped Garlic powder Onion powder Paprika 1/4 cup mayo 1.5 heaping tbsps cream cheese Furikake Sriracha Sesame seeds Green onion Spicy mayo Cucumber sheets Nori"
Salmon sushi cups,https://cookpad.com/eng/recipes/17173326,Ingredients 20 minutes 2 servings sheets nori seaweed Sticky rice Salmon Yum Yum sauce (I use G Hughes) Avocado oil spray Avocado optional sheets nori seaweed Sticky rice Salmon Yum Yum sauce (I use G Hughes) Avocado oil spray Avocado optional
Japanese Curry,https://cookpad.com/eng/recipes/17208987,Ingredients 1 pork chop 2 shrimp Some squid 1 pack curry sauce 1 cup rice Bread crumbs 1 egg Cooking oil 1 pork chop 2 shrimp Some squid 1 pack curry sauce 1 cup rice Bread crumbs 1 egg Cooking oil
Spam Onigiri,https://cookpad.com/eng/recipes/24269194,Ingredients 1 (3pieces) Freshly cooked rice 1/2 small can of spam 1 egg 1 tsp sugar Few drops of Oil Nori Sauce 1 tsp soy sauce 1 tsp sugar Freshly cooked rice 1/2 small can of spam 1 egg 1 tsp sugar Few drops of Oil Nori Sauce 1 tsp soy sauce 1 tsp sugar
Crockpot Soy ~ Teriyaki Chicken,https://cookpad.com/eng/recipes/24152744,"Ingredients 1 pack (about 5 pounds) chicken thighs , boneless / skinless 1/4 cup soy sauce 1/2 cup teriyaki sauce 2 cans (14.5 ounces) diced tomatoes 1 bag (16 ounces) Asian Stir Fry blend 1/8 teaspoon black pepper 1/8 teaspoon crushed red pepper 10 cloves garlic, minced 1 cup packed light brown sugar Cooked white rice 1 pack (about 5 pounds) chicken thighs , boneless / skinless 1/4 cup soy sauce 1/2 cup teriyaki sauce 2 cans (14.5 ounces) diced tomatoes 1 bag (16 ounces) Asian Stir Fry blend 1/8 teaspoon black pepper 1/8 teaspoon crushed red pepper 10 cloves garlic, minced 1 cup packed light brown sugar Cooked white rice"
Shrimp Doria (Japanese Rice Gratin) 🍤,https://cookpad.com/eng/recipes/17091731,"Ingredients ~1 hour 10 to 12 servings Bottom Layer (Butter Rice): 5-6 cups cooked rice 3 Tablespoons unsalted butter 2 carrots , shredded 1/2 sweet onion , finely diced 1/2 teaspoon garlic powder 3/4-1 teaspoon salt (or more to taste) Middle Layer (Béchamel Sauce): 3 Tablespoons unsalted butter 6 Tablespoons flour 2 and 1/2 cups milk 3/4 cup Dashi stock (or chicken stock ) 1 cube chicken bouillon , crushed 8 oz mushrooms , roughly chopped 1/2 sweet onion , finely diced 1/2 teaspoon salt 1 lb shrimp , peeled and deveined Top Layer (Cheese): Up to 2 cups shredded cheese (I used about 1.5 cups of a combination of mozzarella and Parmesan ) Miscellaneous: Additional butter and olive oil for frying Freshly ground pepper Bottom Layer (Butter Rice): 5-6 cups cooked rice 3 Tablespoons unsalted butter 2 carrots , shredded 1/2 sweet onion , finely diced 1/2 teaspoon garlic powder 3/4-1 teaspoon salt (or more to taste) Middle Layer (Béchamel Sauce): 3 Tablespoons unsalted butter 6 Tablespoons flour 2 and 1/2 cups milk 3/4 cup Dashi stock (or chicken stock ) 1 cube chicken bouillon , crushed 8 oz mushrooms , roughly chopped 1/2 sweet onion , finely diced 1/2 teaspoon salt 1 lb shrimp , peeled and deveined Top Layer (Cheese): Up to 2 cups shredded cheese (I used about 1.5 cups of a combination of mozzarella and Parmesan ) Miscellaneous: Additional butter and olive oil for frying Freshly ground pepper"
Curry teriyaki tofu,https://cookpad.com/eng/recipes/24139420,Ingredients 1 block extra firm tofu 2 tbsp cornstarch 1/2 tbsp oil 1 tsp curry powder 4 tbsp teriyaki sauce Lime juice 1 block extra firm tofu 2 tbsp cornstarch 1/2 tbsp oil 1 tsp curry powder 4 tbsp teriyaki sauce Lime juice
Japanese Curry with Chicken,https://cookpad.com/eng/recipes/16839264,"Ingredients ~45 minutes 6 to 8 servings 2 large chicken breasts (about 1.5 lb) 4 teaspoons baking soda 3 carrots 1 red bell pepper 1 medium-sized sweet onion 1 sweet potato 1 large potato (or 3 to 4 small ones) 1/2 package (or one foil-sealed square portion, 110 g) Golden Curry 4 Tablespoons ketchup Cooked Rice for serving 2 teaspoons Worcestershire sauce 2 large chicken breasts (about 1.5 lb) 4 teaspoons baking soda 3 carrots 1 red bell pepper 1 medium-sized sweet onion 1 sweet potato 1 large potato (or 3 to 4 small ones) 1/2 package (or one foil-sealed square portion, 110 g) Golden Curry 4 Tablespoons ketchup Cooked Rice for serving 2 teaspoons Worcestershire sauce"
California Farm Slow Oven Cooked Wagyu Beef Sushi,https://cookpad.com/eng/recipes/24001396,"Ingredients 4 hours 2 people, eight sushi rolls. For the nigiri sushi: 1/2 pound wagyu beef filet , or 1/2 pound beef regular filet with half pound papaya slice 1/2 teaspoon flaked seasalt 1/2 cup Nishiki California sushi rice , rinsed, or equivalent 1 cup cold water 2 Tsp rice vinegar California Farm Jasmine Rice Vinegar From Scratch 2 Tsp palm sugar For the miso soup: 3 cups water 2 Tsp bonito dashi dry fish flakes 1 Tsp light soy sauce 2 Tbs Natto paste 1 Tbs freshly cut and chopped green garlic scapes 1 Tbs dried seaweed 1 Tbs diced firm tofu California Farm Fresh Firm Tofu from scratch 1 Tbs freshly grated radishes 1 Tbs gari pickled ginger California Farm Gari Pickled Sushi Ginger 1 Tsp wasabi paste 1 Tsp light soy sauce Equipment: glass bowl, sharp knife Cost: wagyu beef $12, regular beef $5, papaya slice $1, other $2, per dinner $7 to $4 per person For the nigiri sushi: 1/2 pound wagyu beef filet , or 1/2 pound beef regular filet with half pound papaya slice 1/2 teaspoon flaked seasalt 1/2 cup Nishiki California sushi rice , rinsed, or equivalent 1 cup cold water 2 Tsp rice vinegar California Farm Jasmine Rice Vinegar From Scratch 2 Tsp palm sugar For the miso soup: 3 cups water 2 Tsp bonito dashi dry fish flakes 1 Tsp light soy sauce 2 Tbs Natto paste 1 Tbs freshly cut and chopped green garlic scapes 1 Tbs dried seaweed 1 Tbs diced firm tofu California Farm Fresh Firm Tofu from scratch 1 Tbs freshly grated radishes 1 Tbs gari pickled ginger California Farm Gari Pickled Sushi Ginger 1 Tsp wasabi paste 1 Tsp light soy sauce Equipment: glass bowl, sharp knife Cost: wagyu beef $12, regular beef $5, papaya slice $1, other $2, per dinner $7 to $4 per person"
Spicy Tempura Prawn,https://cookpad.com/eng/recipes/22604008,"Ingredients 50 min 4 servings 2 cups cake flour 2 cups cornstarch 2 cups ice cold water 1/2 tsp. iodized salt 1 tsp. sugar 4 tsps. baking powder Japanese bread crumbs Sauce 1 cup Kikkoman soy sauce 1 cup water Splash mirin as needed Sugar, Grated ginger Grated daikon ( radish ) 2 cups cake flour 2 cups cornstarch 2 cups ice cold water 1/2 tsp. iodized salt 1 tsp. sugar 4 tsps. baking powder Japanese bread crumbs Sauce 1 cup Kikkoman soy sauce 1 cup water Splash mirin as needed Sugar, Grated ginger Grated daikon ( radish )"
California Farm Crab Stick Sushi Rolls,https://cookpad.com/eng/recipes/23924751,"Ingredients 20 minutes, prep 10 minutes 4 people, 4 sushi rolls For a half pound imitation Kanikama crabsticks: 3 medium fresh farm eggs 1 cup unsweetened organic soy milk 1 Tbs anchovy paste 1 Tbs dashi 1 Tsp black caviar , Icelandic 2 Tbs achiote paste For the sushi roll: 4 sheets Nori seaweed 4 Tbs rice vinegar 4 Tsp Japanese Kewpie mayonnaise California Farm Made Kewpie Mayonnaise 4 Tsp Habanero pepper sauce 4 Tsp gari , slivered California Farm Gari Pickled Sushi Ginger 4 Tsp black caviar , Icelandic 4 Tsp soy sauce Half cup sushi rice 1 small ripe Avocado to make 8 slices 1 small persian cucumber to make 8 slices Equipment: I use a bamboo placemat to tighten the rolls, wok, steamer, lid, ziplock bag, 5 porcelain egg spoons Cost: caviar $1, anchovy paste 50 cents, dashi 50 cents, eggs 60 cents, soymilk 50 cents, avocado 50 cents, cucumber 50 cents, nori seeweed sheets 40 cents, rice, other 50 cents, per sushi roll $1.25 For a half pound imitation Kanikama crabsticks: 3 medium fresh farm eggs 1 cup unsweetened organic soy milk 1 Tbs anchovy paste 1 Tbs dashi 1 Tsp black caviar , Icelandic 2 Tbs achiote paste For the sushi roll: 4 sheets Nori seaweed 4 Tbs rice vinegar 4 Tsp Japanese Kewpie mayonnaise California Farm Made Kewpie Mayonnaise 4 Tsp Habanero pepper sauce 4 Tsp gari , slivered California Farm Gari Pickled Sushi Ginger 4 Tsp black caviar , Icelandic 4 Tsp soy sauce Half cup sushi rice 1 small ripe Avocado to make 8 slices 1 small persian cucumber to make 8 slices Equipment: I use a bamboo placemat to tighten the rolls, wok, steamer, lid, ziplock bag, 5 porcelain egg spoons Cost: caviar $1, anchovy paste 50 cents, dashi 50 cents, eggs 60 cents, soymilk 50 cents, avocado 50 cents, cucumber 50 cents, nori seeweed sheets 40 cents, rice, other 50 cents, per sushi roll $1.25"
Fancy Ramen Noodles,https://cookpad.com/eng/recipes/17310347,"Ingredients 45 Mins 6 servings 6 packages Ramen (chili, creamy chicken , shrimp ) 2 chicken breast 8 oz mixed mushrooms 1 bunch scallions chopped 2 Tbsp Kinder's Red Jalepeno Garlic Seasoning 1 tsp chili powder 1 tsp garlic powder 1 tsp sriracha powder 2 Tbsp sesame oil 4 Tbsp Olive oil Sesame seeds for garnish 6 eggs boiled soft - peeled (or hard if you don't like runny yokes) 6 packages Ramen (chili, creamy chicken , shrimp ) 2 chicken breast 8 oz mixed mushrooms 1 bunch scallions chopped 2 Tbsp Kinder's Red Jalepeno Garlic Seasoning 1 tsp chili powder 1 tsp garlic powder 1 tsp sriracha powder 2 Tbsp sesame oil 4 Tbsp Olive oil Sesame seeds for garnish 6 eggs boiled soft - peeled (or hard if you don't like runny yokes)"
Egg Ramen,https://cookpad.com/eng/recipes/17314562,Ingredients 1 pack ramen 5 cherry tomatoes 1 egg 1 pack ramen 5 cherry tomatoes 1 egg
Hawaiian style teriyaki chicken,https://cookpad.com/eng/recipes/17304549,"Ingredients 20 minutes 5-7 people 3 pounds boneless , skinless chicken thigh 1 cup soy sauce 1 cup water 1 cup sugar 5 cloves mashed garlic 1 ginger root (2-3 slices cut thin and lengthwise) 3 pounds boneless , skinless chicken thigh 1 cup soy sauce 1 cup water 1 cup sugar 5 cloves mashed garlic 1 ginger root (2-3 slices cut thin and lengthwise)"
Sustainable Ramen Crunch,https://cookpad.com/eng/recipes/17291773,Ingredients 15 min 1 serving Ramen noodles from pack 1/4 pack to whole Walnuts toss 1|2 nuts into pan to dry fry 1 sliced mushroom 1 T chopped celery 1/8 stick marjorine pack Ramen noodles from Can tuna Chopped celery diced 1 t marjorine sprinkle of garlic Pepper 2-4 Few crystals sea salt Ramen noodles from pack 1/4 pack to whole Walnuts toss 1|2 nuts into pan to dry fry 1 sliced mushroom 1 T chopped celery 1/8 stick marjorine pack Ramen noodles from Can tuna Chopped celery diced 1 t marjorine sprinkle of garlic Pepper 2-4 Few crystals sea salt
"Teriyaki tofu with green apples, kohlrabi and celeriac in spicy gravy (vegan dish)",https://cookpad.com/eng/recipes/17280311,Ingredients 45mins 2 servings 1 kohlrabi 1 celeriac root 2 green apples 150 g teriyaki marinated tofu 3 tbsp sunflower seed oil 5 tsp hungarian sweet paprika (not spicy or hot) 5 tsp ground curcuma (haldi) 1 tbsp whole cumin seed (jeera) salt to taste 1 kohlrabi 1 celeriac root 2 green apples 150 g teriyaki marinated tofu 3 tbsp sunflower seed oil 5 tsp hungarian sweet paprika (not spicy or hot) 5 tsp ground curcuma (haldi) 1 tbsp whole cumin seed (jeera) salt to taste
Teriyaki Tofu,https://cookpad.com/eng/recipes/17269643,"Ingredients 1 block tofu 1 little cooking oil 2 tbsp flour Sauce : sugar soy cooking wine, dark soy sauce 1 stalk spring onion Some shallots and garlic 1 block tofu 1 little cooking oil 2 tbsp flour Sauce : sugar soy cooking wine, dark soy sauce 1 stalk spring onion Some shallots and garlic"
Keto japanese chicken katsu and its curry,https://cookpad.com/eng/recipes/16850781,"Ingredients 2 hours 6 servings 1 kg chicken thigh or chicken breast ,deboned and cut into piece 50 g almond flour for coating 1 tablespoon grated garlic 2 table spoon white pepper powder 1 table spoon pink salt 2 table spoon psylium husk 2 large eggs Olive or coconut oil for frying Japanese curry 100 ml chicken broth 1.5 table spoon coco amino 2 diced onion 1 teaspoon grated garlic 1 teaspoon grated ginger 5 table spoon japanese curry powder 1 tablespoon pink salt 1 table spoon xantham gum as thickener 2 tablespoon tomato paste 1 tablespoom of eryhtritol 2 table spoon olive or coconut oil for sauteing 1 kg chicken thigh or chicken breast ,deboned and cut into piece 50 g almond flour for coating 1 tablespoon grated garlic 2 table spoon white pepper powder 1 table spoon pink salt 2 table spoon psylium husk 2 large eggs Olive or coconut oil for frying Japanese curry 100 ml chicken broth 1.5 table spoon coco amino 2 diced onion 1 teaspoon grated garlic 1 teaspoon grated ginger 5 table spoon japanese curry powder 1 tablespoon pink salt 1 table spoon xantham gum as thickener 2 tablespoon tomato paste 1 tablespoom of eryhtritol 2 table spoon olive or coconut oil for sauteing"
Tan tan Ramen,https://cookpad.com/eng/recipes/17218098,Ingredients 20 minutes 1 person Egg noodle Fried garlic Fried egg (sunny side up style) Carrot Chinese Broccoli Sesame oil Pork bone broth Salt& pepper 1 pinch sugar(just added to taste) Fried pork belly Chopped green onion Pickled ginger Dried seaweed Egg noodle Fried garlic Fried egg (sunny side up style) Carrot Chinese Broccoli Sesame oil Pork bone broth Salt& pepper 1 pinch sugar(just added to taste) Fried pork belly Chopped green onion Pickled ginger Dried seaweed
Orange Teriyaki Chicken,https://cookpad.com/eng/recipes/17185782,Ingredients 1 hr 30 mins 6 servings 16 Chicken Wings 8 oz Sweet Baby Ray 's BBQ sauce 8 oz Sweet Baby Ray 's Teriyaki sauce 1/2 Cup Apple Cider Vinegar 1/4 Cup Soy Sauce 1/2 Cup Dark Brown Sugar 12 oz Honey 1 Stick Butter 4 Large or 8 Small Oranges Tony Chachere's Original Creole Seasoning Oven: 425° 16 Chicken Wings 8 oz Sweet Baby Ray 's BBQ sauce 8 oz Sweet Baby Ray 's Teriyaki sauce 1/2 Cup Apple Cider Vinegar 1/4 Cup Soy Sauce 1/2 Cup Dark Brown Sugar 12 oz Honey 1 Stick Butter 4 Large or 8 Small Oranges Tony Chachere's Original Creole Seasoning Oven: 425°
Shokupan The Fluffy Japanese White Loaf 2lb Bread machine,https://cookpad.com/eng/recipes/16706438,Ingredients 320 g Water 9 g Salt 30g Butter 30 g Suger 12 g Non-Fat Dry Milk 450 g All Purpose Flour 5 g Yeast 320 g Water 9 g Salt 30g Butter 30 g Suger 12 g Non-Fat Dry Milk 450 g All Purpose Flour 5 g Yeast
Versatile Japanese Sweet & Sour Sauce,https://cookpad.com/eng/recipes/16703109,"Ingredients 10 min 8 servings 3 tbsp (45 ml) White vinegar 3 tbsp (45 ml) Water 1 tbsp (15 ml) Less salt Soy sauce 1 tbsp (15 ml) Honey 1 tsp Potato or Corn starch 1/8 tsp Ginger powder 1/2 tsp Sesame seeds -Optional This recipe is intended to be compatible with the diet of individuals with diabetes, kidney and heart disease, but please consult your doctor, renal nurse, nutritionist or other medical professionals! 3 tbsp (45 ml) White vinegar 3 tbsp (45 ml) Water 1 tbsp (15 ml) Less salt Soy sauce 1 tbsp (15 ml) Honey 1 tsp Potato or Corn starch 1/8 tsp Ginger powder 1/2 tsp Sesame seeds -Optional This recipe is intended to be compatible with the diet of individuals with diabetes, kidney and heart disease, but please consult your doctor, renal nurse, nutritionist or other medical professionals!"
Condensed (Campbell's) Beef and Vegetable Soup Ramen Noodles,https://cookpad.com/eng/recipes/17155452,"Ingredients 8-10 minutes 2 servings 1 pack Chicken Ramen , with half of the seasoning packette 1 can condensed beef vegetable soup , plus 3/4 can of water Hot Sauce , optional 1 pack Chicken Ramen , with half of the seasoning packette 1 can condensed beef vegetable soup , plus 3/4 can of water Hot Sauce , optional"
Simple Sushi,https://cookpad.com/eng/recipes/17154378,Ingredients 2 nori sheets 2 chicken sausage 1 cucumber 1 cup cooked rice stick Few shrimp and crab 2 nori sheets 2 chicken sausage 1 cucumber 1 cup cooked rice stick Few shrimp and crab
Pressure Cooker Sushi Rice,https://cookpad.com/eng/recipes/17146832,Ingredients 15 mins 1 cup Sushi rice 1 cup water 1 tbsp olive oil 2 tbsp rice vinegar 1 tbsp sugar 1 tsp salt 1 cup Sushi rice 1 cup water 1 tbsp olive oil 2 tbsp rice vinegar 1 tbsp sugar 1 tsp salt
My Version of Simple Sushi,https://cookpad.com/eng/recipes/17136885,"Ingredients 3 pieces nori 1 cucumber ,long strips 2 eggs,fry 2 chicken sausage ,long strips Normal rice 1 little bit vinegar 1 little bit sugar 3 pieces nori 1 cucumber ,long strips 2 eggs,fry 2 chicken sausage ,long strips Normal rice 1 little bit vinegar 1 little bit sugar"
Beef & Broccoli Teriyaki,https://cookpad.com/eng/recipes/17130878,"Ingredients 1 lb steak, thinly sliced 1/4 cup cornstarch 1/2 cup soy sauce 4 tbsp brown sugar 1 tsp garlic 1/2 tsp fresh ginger 1 tsp sesame seeds 1/2 tsp sesame oil 1/4 red pepper flakes 3-4 cups broccoli Rice 1 lb steak, thinly sliced 1/4 cup cornstarch 1/2 cup soy sauce 4 tbsp brown sugar 1 tsp garlic 1/2 tsp fresh ginger 1 tsp sesame seeds 1/2 tsp sesame oil 1/4 red pepper flakes 3-4 cups broccoli Rice"
Gyudon,https://cookpad.com/eng/recipes/17126467,"Ingredients 20 mins 1/2 lb sliced tender beef 1 onion, sliced 1 1/2 cups king oyster mushroom , sliced 2 eggs, beaten 2 tbsp mirin 2 tbsp cooking wine 3 tbsp soy sauce 1 cup chicken broth 1 tsp sugar Chopped green onions for garnishing 1/2 lb sliced tender beef 1 onion, sliced 1 1/2 cups king oyster mushroom , sliced 2 eggs, beaten 2 tbsp mirin 2 tbsp cooking wine 3 tbsp soy sauce 1 cup chicken broth 1 tsp sugar Chopped green onions for garnishing"
College ramen,https://cookpad.com/eng/recipes/17124806,Ingredients 5-10 minutes 1 serving 1 pack your favorite instant ramen 1 egg Hot dogs (I used 1 but you can add as many as you want) Seasonings of your choice 1 tablespoon cream cheese Shredded cheese if you want Soy sauce Oyster sauce Sesame oil Hoshin sauce 1 pack your favorite instant ramen 1 egg Hot dogs (I used 1 but you can add as many as you want) Seasonings of your choice 1 tablespoon cream cheese Shredded cheese if you want Soy sauce Oyster sauce Sesame oil Hoshin sauce
Homemade Ramen,https://cookpad.com/eng/recipes/17110271,Ingredients Oil Frozen peppers & onions Shredded carrots cube Frozen ginger Spinach Chicken broth Sriracha Soy sauce TJ frozen Thai wheat noodles Oil Frozen peppers & onions Shredded carrots cube Frozen ginger Spinach Chicken broth Sriracha Soy sauce TJ frozen Thai wheat noodles
Teriyaki Eggplant & Mushroom Don,https://cookpad.com/eng/recipes/17110323,"Ingredients 45 mins 3 servings 2-3 Asian eggplant 8-9 shitaki mushrooms , sliced, stems attached 1/4 sweet onion , sliced lengthwise 2 tbsp oil 2 tbsp sake 2 tbsp mirin 2 tbsp shoyu or tamari 1 tsp chopped garlic 1/2 tbsp gochugang (Trader Joe's) 1/2 tbsp dark soy sauce 1 tbsp maple syrup 3 green onions , sliced sesame seeds 2-3 Asian eggplant 8-9 shitaki mushrooms , sliced, stems attached 1/4 sweet onion , sliced lengthwise 2 tbsp oil 2 tbsp sake 2 tbsp mirin 2 tbsp shoyu or tamari 1 tsp chopped garlic 1/2 tbsp gochugang (Trader Joe's) 1/2 tbsp dark soy sauce 1 tbsp maple syrup 3 green onions , sliced sesame seeds"
Ramen but start from bones and flour,https://cookpad.com/eng/recipes/17091596,Ingredients 16hours not joking Noodles for 2 people; soup a big pot Ramen soup 10 chicken thigh bones 1 pig thigh bone 2 T ginger 2 carrots 1 onion 100 g leftover vegetables Ramen noodles 200 g bread flour 105 g room temperature water 1 t salt 1/8 t baking soda Japanese chashu (meat) 500 g boneless pork chop 400 ml water 150 ml rice cooking wine 150 ml mirin (or mix 112.5ml rice cook wine and 37.5g sugar) 150 ml soy sauce 2 T sugar 2 green onion 2 Garlic 1 T Ginger 1/2 Onion Topping (optional) 1 green onion 1 Jew’s ear 1 pickled bamboo shoots Ramen soup 10 chicken thigh bones 1 pig thigh bone 2 T ginger 2 carrots 1 onion 100 g leftover vegetables Ramen noodles 200 g bread flour 105 g room temperature water 1 t salt 1/8 t baking soda Japanese chashu (meat) 500 g boneless pork chop 400 ml water 150 ml rice cooking wine 150 ml mirin (or mix 112.5ml rice cook wine and 37.5g sugar) 150 ml soy sauce 2 T sugar 2 green onion 2 Garlic 1 T Ginger 1/2 Onion Topping (optional) 1 green onion 1 Jew’s ear 1 pickled bamboo shoots
Teriyaki Fried Rice Noodle Cup,https://cookpad.com/eng/recipes/17079945,Ingredients 5 minutes 1 serving 1 Cup Of Ramen Noodles 1/2 cup prepared white rice 1/2 cup water 1 egg 1 Tablespoon Sake 1 Tablespoon Mirin 1 Tablespoon Soy Sauce 1 Cup Of Ramen Noodles 1/2 cup prepared white rice 1/2 cup water 1 egg 1 Tablespoon Sake 1 Tablespoon Mirin 1 Tablespoon Soy Sauce
Karaage Japanese fried chicken,https://cookpad.com/eng/recipes/16513128,Ingredients 1 hr 30 min 2 servings Chicken thighs skin on. I used 3 thighs Tablespoon sake Table spoon soy sauce Knob ginger grated 3 cloves garlic grated Salt and black pepper 2 tbls corn starch 2 tblsp flour 2-4 cups oil for frying 1/2 spoon roasted sesame oil Lemon Japanese Mayo Japanese 7 spice Chicken thighs skin on. I used 3 thighs Tablespoon sake Table spoon soy sauce Knob ginger grated 3 cloves garlic grated Salt and black pepper 2 tbls corn starch 2 tblsp flour 2-4 cups oil for frying 1/2 spoon roasted sesame oil Lemon Japanese Mayo Japanese 7 spice
Super Tasty Sliced Onion Salad with Japanese Style Vinaigrette,https://cookpad.com/eng/recipes/16499339,Ingredients 20 mins 4 servings 1 sweet onion 4 celery stalks 1 carrot 6-8 cilantro leaves (for garnish) 1/2 teaspoon toasted sesame Dressing: 1 tablespoon sesame oil 2 tablespoons canola oil 1 tablespoon low sodium soy sauce 2 tablespoons rice vinegar 1 tablespoon ponzu (Japanese citrus soy sauce ) 1 teaspoon maple syrup (or sugar) 1 sweet onion 4 celery stalks 1 carrot 6-8 cilantro leaves (for garnish) 1/2 teaspoon toasted sesame Dressing: 1 tablespoon sesame oil 2 tablespoons canola oil 1 tablespoon low sodium soy sauce 2 tablespoons rice vinegar 1 tablespoon ponzu (Japanese citrus soy sauce ) 1 teaspoon maple syrup (or sugar)
Teriyaki Pineapple Chicken Shishkabobs,https://cookpad.com/eng/recipes/17039004,"Ingredients 10-15 mins 4 servings 3 large skinless boneless chicken breasts , cubed large 2 bell peppers , cubed large 1 large onion, cubed large, I used a big ole flat vidalia 1 fresh pineapple , trimmed cleaned and cubed large Handful dried apricots , left whole 1/4 cup teriyaki sauce , eyeballed 1/3 cup sweet teriyaki sesame marinade, eyeballed 1 tbsp sesame oil , eyeballed Pinch salt and pepper 3 large skinless boneless chicken breasts , cubed large 2 bell peppers , cubed large 1 large onion, cubed large, I used a big ole flat vidalia 1 fresh pineapple , trimmed cleaned and cubed large Handful dried apricots , left whole 1/4 cup teriyaki sauce , eyeballed 1/3 cup sweet teriyaki sesame marinade, eyeballed 1 tbsp sesame oil , eyeballed Pinch salt and pepper"
